产品结构,双向鲨鱼鳍,鲨鱼鳍,区间累计,雪球,凤凰,固定派息票据,二元派息票据,Accumulator,Airbag,AutoCall,封顶气囊,分成气囊,固定利率债券,二元看涨期权,二元看跌期权,双不触碰期权,三重区间看涨,三重区间看跌,欧式期权
Underlying,CSI300,CSI300,CSI300,CSI300,CSI300,CSI300,CSI300,CSI300,CSI300,CSI300,CSI300,CSI300,CSI300,CSI300,CSI300,CSI300,CSI300,CSI300,CSI300
ReferenceDate,11/27/2025,11/27/2025,11/27/2025,,11/27/2025,11/27/2025,11/27/2025,11/27/2025,11/27/2025,11/27/2025,,,11/27/2025,11/27/2025,11/27/2025,11/27/2025,11/27/2025,11/27/2025,11/27/2025,
PackageName,DualSharkFin,SharkFin,RangeAccrual,Snowball,Phoenix,FCN,DCN,Accumulator,Airbag,AutoCall,CappedAirbag,ParticipatingAirbag,FixedRateBond,DigitaCall,DigitaPut,DoubleNoTouch,TrippleRangesCall,TrippleRangesPut,VanillaOption
ObservationPrice,7210.83,7210.83,7210.83,7210.83,7210.83,7210.83,7210.83,7210.83,7210.83,7210.83,7210.83,7210.83,7210.83,7210.83,7210.83,7210.83,7210.83,7210.83,7210.83
BuySell,Sell,Sell,Sell,Sell,Sell,Sell,Sell,Sell,Sell,Sell,Sell,Sell,Sell,Sell,Sell,Sell,Sell,Sell,Sell
StartDate,11/27/2025,11/27/2025,11/27/2025,11/27/2025,11/27/2025,11/27/2025,11/27/2025,11/27/2025,11/27/2025,11/27/2025,11/27/2025,11/27/2025,11/27/2025,11/27/2025,11/27/2025,11/27/2025,11/27/2025,11/27/2025,11/27/2025
PremiumDate,11/29/2025,11/29/2025,,,11/29/2025,11/29/2025,11/29/2025,11/29/2025,11/29/2025,11/29/2025,11/29/2025,11/29/2025,11/29/2025,11/29/2025,11/29/2025,,,11/29/2025,11/29/2025
EndDate,5/26/2026,5/26/2026,6/1/2026,6/1/2026,6/1/2026,6/1/2026,6/1/2026,6/1/2026,6/1/2026,6/1/2026,6/1/2026,6/1/2026,6/1/2026,6/1/2026,6/1/2026,6/1/2026,6/1/2026,6/1/2026,6/1/2026
ExpiryDate,5/24/2026,5/24/2026,6/1/2026,6/1/2026,6/1/2026,6/1/2026,6/1/2026,6/1/2026,6/1/2026,6/1/2026,6/1/2026,6/1/2026,6/1/2026,6/1/2026,6/1/2026,6/1/2026,6/1/2026,6/1/2026,6/1/2026
Calendar,McpCalendar@0,McpCalendar@0,McpCalendar@0,McpCalendar@0,McpCalendar@0,McpCalendar@0,McpCalendar@0,McpCalendar@0,McpCalendar@0,McpCalendar@0,McpCalendar@0,McpCalendar@0,McpCalendar@0,McpCalendar@0,McpCalendar@0,McpCalendar@0,McpCalendar@0,McpCalendar@0,McpCalendar@0
Notional,100000,100000,100000,100000,100000,100000,100000,100000,100000,100000,100000,100000,100000,100000,100000,100000,100000,100000,100000
FaceValue,,,,,,,,,,,,,1000000,,,,,,,
LowYield,0.00%,,0.00%,,,,0.00%,,,,0.00%,0.00%,,0.00%,0.00%,3.00%,3.00%,3.00%,,
MidYield,0.10%,0.10%,0.10%,0.10%,,0.10%,0.10%,,15.00%,,0.10%,,0.10%,,,,6.00%,6.00%,,
HighYield,3.00%,3.00%,4.00%,4.00%,8.00%,8.00%,8.00%,8.00%,,18.00%,,8.00%,10.00%,10.00%,10.00%,10.00%,10.00%,,
Coupon,,,,,,,,,,,,,5%,,,,,
ParticipateRate,60.00%,60.00%,60.00%,60.00%,60.00%,60.00%,60.00%,60.00%,,60.00%,,60.00%,,,,,,,
LowerBarPercentage,80%,,90%,80%,80%,80%,80%,,80%,,80%,80%,,80%,80%,80%,90%,90%,
UpperBarPercentage,120%,,110%,103%,103%,103%,103%,105%,,103%,103%,103%,,105%,105%,120%,110%,110%,
BarrierPercentage,,105%,,,,,,,,,,,,,,,
CouponBarPercentage,,,,,90%,,90%,,,,,,,,,,,
StrikePercentage,,,,,,,,,,,,,,,,,,,100%
LowerStrkPercentage,,,,,,,,,100%,,,100%,100%,,,,,,
UpperStrkPercentage,,,,,,,,,,,100%,,,,,,,,
KnockInBarPercentage,,,,,,,,,85%,,85%,85%,,,,,,
ParticipateRate1,,,,,,,,,,,100%,100%,,,,,,
ParticipateRate2,,,,,,,,,,,100%,,,,,,,
ParticipateRate3,,,,,,,,,,,80%,,,,,,,
CallParti,,,,,,,,,0.8,,,,,,,,,
ResetCallParti,,,,,,,,,1.0,,,,,,,,,
KnockInParti,,,,,,,,,1.0,,,,,,,,,
LeverageRatio,,,,,,,,,2,,,,,,,,,
LockPeriod,,,,,3,1,1,,,,,,,3,,,,,
Memory,,,,,1,,,,,,,,,,,,
PayInAdvance,,,,,0,,,,,,,,,,,,
CallPutType,,0,,,,,,,,,,,,,,,0
CallPut,,,,,,,,,,,,,,,,,,,0
Frequency,,,,,,,,,,,,,Quarterly,,,,,
DayCounter,,,,,,,,,,,,,Act365Fixed,,,,,
discountcurve,McpYieldCurve@5,McpYieldCurve@5,McpYieldCurve@5,McpYieldCurve@5,McpYieldCurve@5,McpYieldCurve@5,McpYieldCurve@5,McpYieldCurve@5,McpYieldCurve@5,McpYieldCurve@5,McpYieldCurve@5,McpYieldCurve@5,McpYieldCurve@5,McpYieldCurve@5,McpYieldCurve@5,McpYieldCurve@5,McpYieldCurve@5,McpYieldCurve@5,McpYieldCurve@5
NumSimulation,50000,50000,50000,50000,50000,50000,50000,50000,50000,50000,50000,50000,50000,50000,50000,50000,50000,50000,50000
Volatility,McpLocalVol@0,McpLocalVol@0,McpLocalVol@0,McpLocalVol@0,McpLocalVol@0,McpLocalVol@0,McpLocalVol@0,McpLocalVol@0,McpLocalVol@0,McpLocalVol@0,McpLocalVol@0,McpLocalVol@0,McpLocalVol@0,McpLocalVol@0,McpLocalVol@0,McpLocalVol@0,McpLocalVol@0,McpLocalVol@0,McpLocalVol@0
LogLevel,Trace,Trace,Trace,Trace,Trace,Trace,Trace,Trace,Trace,Trace,Trace,Trace,Trace,Trace,Trace,Trace,Trace,Trace,Trace
